Alleles_ABCG_IAA,A0202_20180428,YE,20180428,SK,HLA,A0202,3Ips,a50mio,R1,01.mzML
Alleles_ABCG_IAA,A0202_20180428,YE,20180428,SK,HLA,A0202,3Ips,a50mio,R1,02.mzML
Alleles_ABCG_IAA,A0202_20180428,YE,20180428,SK,HLA,A0202,3Ips,a50mio,R2,01.mzML
Alleles_ABCG_IAA,A0202_20180428,YE,20180428,SK,HLA,A0202,3Ips,a50mio,R2,02.mzML
Alleles_ABCG_IAA,A0205_20180519,YE,20180519,SK,HLA,A0205,3IPs,a50mio,R1,01.mzML
Alleles_ABCG_IAA,A0205_20180519,YE,20180519,SK,HLA,A0205,3IPs,a50mio,R2,01.mzML
Alleles_ABCG_IAA,A0205_20180519,YE,20180519,SK,HLA,A0205,3Ips,a50mio,R1,02.mzML
Alleles_ABCG_IAA,A0205_20180519,YE,20180519,SK,HLA,A0205,3Ips,a50mio,R2,02.mzML
Alleles_ABCG_IAA,A0206_20180724,YE,20180724,SK,HLA,A0206,R1,01.mzML
Alleles_ABCG_IAA,A0206_20180724,YE,20180724,SK,HLA,A0206,R1,02.mzML
Alleles_ABCG_IAA,A0206_20180724,YE,20180724,SK,HLA,A0206,R2,01.mzML
Alleles_ABCG_IAA,A0206_20180724,YE,20180724,SK,HLA,A0206,R2,02.mzML
Alleles_ABCG_IAA,A0211_20180514,YE,20180512,SK,HLA,A0211,3IPs,a50mio,R1,01.mzML
Alleles_ABCG_IAA,A0211_20180514,YE,20180512,SK,HLA,A0211,3Ips,a50mio,R1,02.mzML
Alleles_ABCG_IAA,A0211_20180514,YE,20180512,SK,HLA,A0211,3Ips,a50mio,R2,01.mzML
Alleles_ABCG_IAA,A0211_20180514,YE,20180512,SK,HLA,A0211,3Ips,a50mio,R2,02.mzML
Alleles_ABCG_IAA,A1101_2017,AC20171011,Broad,HLA,A1101,R1,Rep01.mzML
Alleles_ABCG_IAA,A1101_2017,AC20171011,Broad,HLA,A1101,R1,Rep02.mzML
Alleles_ABCG_IAA,A1101_2017,AC20171011,Broad,HLA,A1101,R2,Rep01.mzML
Alleles_ABCG_IAA,A1101_2017,AC20171011,Broad,HLA,A1101,R2,Rep02.mzML
Alleles_ABCG_IAA,A1101_2017,YE,20180517,SK,HLA,A1101,3IPs,a50mio,R1,01.mzML
Alleles_ABCG_IAA,A1101_2017,YE,20180517,SK,HLA,A1101,3Ips,a50mio,R1,02.mzML
Alleles_ABCG_IAA,A1101_2017,YE,20180517,SK,HLA,A1101,3Ips,a50mio,R2,01.mzML
Alleles_ABCG_IAA,A1101_2017,YE,20180517,SK,HLA,A1101,3Ips,a50mio,R2,02.mzML
Alleles_ABCG_IAA,A1102_20180507,YE,20180507,SK,HLA,A1102,3Ips,a50mio,R1,01.mzML
Alleles_ABCG_IAA,A1102_20180507,YE,20180507,SK,HLA,A1102,3Ips,a50mio,R1,02.mzML
Alleles_ABCG_IAA,A1102_20180507,YE,20180507,SK,HLA,A1102,3Ips,a50mio,R2,01.mzML
Alleles_ABCG_IAA,A1102_20180507,YE,20180507,SK,HLA,A1102,3Ips,a50mio,R2,02.mzML
Alleles_ABCG_IAA,A2301_20170504,GN20170503,SK,HLA,A2301,01.mzML
Alleles_ABCG_IAA,A2301_20170504,GN20170503,SK,HLA,A2301,02.mzML
Alleles_ABCG_IAA,A2407_20180531,YE,20180531,SK,HLA,A2407,3IPs,a50mio,R1,01.mzML
Alleles_ABCG_IAA,A2407_20180531,YE,20180531,SK,HLA,A2407,3IPs,a50mio,R1,02.mzML
Alleles_ABCG_IAA,A2407_20180531,YE,20180531,SK,HLA,A2407,3IPs,a50mio,R2,01.mzML
Alleles_ABCG_IAA,A2407_20180531,YE,20180531,SK,HLA,A2407,3IPs,a50mio,R2,02.mzML
Alleles_ABCG_IAA,A2501_20180504,YE,20180504,SK,HLA,A2501,3Ips,a50mio,R1,01.mzML
Alleles_ABCG_IAA,A2501_20180504,YE,20180504,SK,HLA,A2501,3Ips,a50mio,R1,02.mzML
Alleles_ABCG_IAA,A2501_20180504,YE,20180504,SK,HLA,A2501,3Ips,a50mio,R2,01.mzML
Alleles_ABCG_IAA,A2601_20180511,YE,20180510,SK,HLA,A2601,3IPs,a50mio,R1,01.mzML
Alleles_ABCG_IAA,A2601_20180511,YE,20180510,SK,HLA,A2601,3Ips,a50mio,R1,02.mzML
Alleles_ABCG_IAA,A2601_20180511,YE,20180510,SK,HLA,A2601,3Ips,a50mio,R2,01.mzML
Alleles_ABCG_IAA,A2601_20180511,YE,20180510,SK,HLA,A2601,3Ips,a50mio,R2,02.mzML
Alleles_ABCG_IAA,A3001_20170704,GN20170703,SK,HLA,A3001,R1,01.mzML
Alleles_ABCG_IAA,A3001_20170704,GN20170703,SK,HLA,A3001,R1,02.mzML
Alleles_ABCG_IAA,A3001_20170704,GN20170703,SK,HLA,A3001,R2,01.mzML
Alleles_ABCG_IAA,A3001_20170704,GN20170703,SK,HLA,A3001,R2,02.mzML
Alleles_ABCG_IAA,A3002_20170720,GN20170720,SK,HLA,A3002,R1,01.mzML
Alleles_ABCG_IAA,A3002_20170720,GN20170720,SK,HLA,A3002,R1,02.mzML
Alleles_ABCG_IAA,A3002_20170720,GN20170720,SK,HLA,A3002,R2,01.mzML
Alleles_ABCG_IAA,A3002_20170720,GN20170720,SK,HLA,A3002,R2,02.mzML
Alleles_ABCG_IAA,A3201_20180428,YE,20180428,SK,HLA,A3201,3Ips,a50mio,R1,01.mzML
Alleles_ABCG_IAA,A3201_20180428,YE,20180428,SK,HLA,A3201,3Ips,a50mio,R1,02.mzML
Alleles_ABCG_IAA,A3201_20180428,YE,20180428,SK,HLA,A3201,3Ips,a50mio,R2,01.mzML
Alleles_ABCG_IAA,A3201_20180428,YE,20180428,SK,HLA,A3201,3Ips,a50mio,R2,02.mzML
Alleles_ABCG_IAA,A3301_20180512,YE,20180511,SK,HLA,A3301,3IPs,a50mio,R1,01.mzML
Alleles_ABCG_IAA,A3301_20180512,YE,20180511,SK,HLA,A3301,3Ips,a50mio,R1,02.mzML
Alleles_ABCG_IAA,A3301_20180512,YE,20180511,SK,HLA,A3301,3Ips,a50mio,R2,01.mzML
Alleles_ABCG_IAA,A3301_20180512,YE,20180511,SK,HLA,A3301,3Ips,a50mio,R2,02.mzML
Alleles_ABCG_IAA,A3303_20170629,GN20170628,SK,HLA,A3303,R1,01.mzML
Alleles_ABCG_IAA,A3303_20170629,GN20170628,SK,HLA,A3303,R1,02.mzML
Alleles_ABCG_IAA,A3303_20170629,GN20170628,SK,HLA,A3303,R2,01.mzML
Alleles_ABCG_IAA,A3303_20170629,GN20170628,SK,HLA,A3303,R2,02.mzML
Alleles_ABCG_IAA,A3401_20171013,GN20171013,SK,HLA,A3401,R1,01.mzML
Alleles_ABCG_IAA,A3401_20171013,GN20171013,SK,HLA,A3401,R1,02.mzML
Alleles_ABCG_IAA,A3401_20171013,GN20171013,SK,HLA,A3401,R2,01.mzML
Alleles_ABCG_IAA,A3401_20171013,GN20171013,SK,HLA,A3401,R2,02.mzML
Alleles_ABCG_IAA,A3402_20180517,YE,20180516,SK,HLA,A3402,3IPs,a50mio,R1,01.mzML
Alleles_ABCG_IAA,A3402_20180517,YE,20180516,SK,HLA,A3402,3Ips,a50mio,R1,02.mzML
Alleles_ABCG_IAA,A3402_20180517,YE,20180516,SK,HLA,A3402,3Ips,a50mio,R2,01.mzML
Alleles_ABCG_IAA,A3402_20180517,YE,20180516,SK,HLA,A3402,3Ips,a50mio,R2,02.mzML
Alleles_ABCG_IAA,A3601_20180517,YE,20180517,SK,HLA,A3601,3IPs,a50mio,R1,01.mzML
Alleles_ABCG_IAA,A3601_20180517,YE,20180517,SK,HLA,A3601,3Ips,a50mio,R1,02.mzML
Alleles_ABCG_IAA,A3601_20180517,YE,20180517,SK,HLA,A3601,3Ips,a50mio,R2,01.mzML
Alleles_ABCG_IAA,A3601_20180517,YE,20180517,SK,HLA,A3601,3Ips,a50mio,R2,02.mzML
Alleles_ABCG_IAA,A6601_20180430,YE,20180430,SK,HLA,A6601,3Ips,a50mio,R1,01.mzML
Alleles_ABCG_IAA,A6601_20180430,YE,20180430,SK,HLA,A6601,3Ips,a50mio,R1,02.mzML
Alleles_ABCG_IAA,A6601_20180430,YE,20180430,SK,HLA,A6601,3Ips,a50mio,R2,01.mzML
Alleles_ABCG_IAA,A6601_20180430,YE,20180430,SK,HLA,A6601,3Ips,a50mio,R2,02.mzML
Alleles_ABCG_IAA,A6801_20180503,YE,20180502,SK,HLA,A6801,3Ips,a50mio,R1,01.mzML
Alleles_ABCG_IAA,A6801_20180503,YE,20180502,SK,HLA,A6801,3Ips,a50mio,R1,02.mzML
Alleles_ABCG_IAA,A6801_20180503,YE,20180502,SK,HLA,A6801,3Ips,a50mio,R2,01.mzML
Alleles_ABCG_IAA,A6801_20180503,YE,20180502,SK,HLA,A6801,3Ips,a50mio,R2,02.mzML
Alleles_ABCG_IAA,A7401_20170720,GN20170719,SK,HLA,A7401,R1,01.mzML
Alleles_ABCG_IAA,A7401_20170720,GN20170719,SK,HLA,A7401,R1,02.mzML
Alleles_ABCG_IAA,A7401_20170720,GN20170719,SK,HLA,A7401,R2,01.mzML
Alleles_ABCG_IAA,A7401_20170720,GN20170719,SK,HLA,A7401,R2,02.mzML
Alleles_ABCG_IAA,B0702_20170504,GN20170503,SK,HLA,B0702,01.mzML
Alleles_ABCG_IAA,B0702_20170504,GN20170503,SK,HLA,B0702,02.mzML
Alleles_ABCG_IAA,B0704_20171012,GN20171012,SK,HLA,B0704,R1,01.mzML
Alleles_ABCG_IAA,B0704_20171012,GN20171012,SK,HLA,B0704,R1,02.mzML
Alleles_ABCG_IAA,B0704_20171012,GN20171012,SK,HLA,B0704,R2,01.mzML
Alleles_ABCG_IAA,B0704_20171012,GN20171012,SK,HLA,B0704,R2,02.mzML
Alleles_ABCG_IAA,B0801_20170303,GG20170303,CRH,HLA,B0801,rep1,01.mzML
Alleles_ABCG_IAA,B0801_20170303,GG20170303,CRH,HLA,B0801,rep1,02.mzML
Alleles_ABCG_IAA,B0801_20170303,GG20170303,CRH,HLA,B0801,rep2,01.mzML
Alleles_ABCG_IAA,B0801_20170303,GG20170303,CRH,HLA,B0801,rep2,02.mzML
Alleles_ABCG_IAA,B1301_20171012,GN20171012,SK,HLA,B1301,R1,01.mzML
Alleles_ABCG_IAA,B1301_20171012,GN20171012,SK,HLA,B1301,R1,02.mzML
Alleles_ABCG_IAA,B1301_20171012,GN20171012,SK,HLA,B1301,R2,01.mzML
Alleles_ABCG_IAA,B1301_20171012,GN20171012,SK,HLA,B1301,R2,02.mzML
Alleles_ABCG_IAA,B1302_20171016,GN20171016,SK,HLA,B1302,R1,01.mzML
Alleles_ABCG_IAA,B1302_20171016,GN20171016,SK,HLA,B1302,R1,02.mzML
Alleles_ABCG_IAA,B1302_20171016,GN20171016,SK,HLA,B1302,R2,01.mzML
Alleles_ABCG_IAA,B1302_20171016,GN20171016,SK,HLA,B1302,R2,02.mzML
Alleles_ABCG_IAA,B1402_20171013,GN20171013,SK,HLA,B1402,R1,01.mzML
Alleles_ABCG_IAA,B1402_20171013,GN20171013,SK,HLA,B1402,R1,02.mzML
Alleles_ABCG_IAA,B1402_20171013,GN20171013,SK,HLA,B1402,R2,01.mzML
Alleles_ABCG_IAA,B1402_20171013,GN20171013,SK,HLA,B1402,R2,02.mzML
Alleles_ABCG_IAA,B1501_2017,GN20170718,SK,HLA,B1501,R1,01.mzML
Alleles_ABCG_IAA,B1501_2017,GN20170718,SK,HLA,B1501,R1,02.mzML
Alleles_ABCG_IAA,B1501_2017,GN20170718,SK,HLA,B1501,R2,01.mzML
Alleles_ABCG_IAA,B1501_2017,GN20170718,SK,HLA,B1501,R2,02.mzML
Alleles_ABCG_IAA,B1501_2017,GN20171017,SK,HLA,B1501,R1,01.mzML
Alleles_ABCG_IAA,B1501_2017,GN20171017,SK,HLA,B1501,R1,02.mzML
Alleles_ABCG_IAA,B1501_2017,GN20171017,SK,HLA,B1501,R2,01.mzML
Alleles_ABCG_IAA,B1501_2017,GN20171017,SK,HLA,B1501,R2,02.mzML
Alleles_ABCG_IAA,B1502_20171019,GN20171019,SK,HLA,B1502,R1,01.mzML
Alleles_ABCG_IAA,B1502_20171019,GN20171019,SK,HLA,B1502,R1,02.mzML
Alleles_ABCG_IAA,B1502_20171019,GN20171019,SK,HLA,B1502,R2,01,171019232053.mzML
Alleles_ABCG_IAA,B1502_20171019,GN20171019,SK,HLA,B1502,R2,02.mzML
Alleles_ABCG_IAA,B1503_2017,GN20170630,SK,HLA,B1503,R1,01.mzML
Alleles_ABCG_IAA,B1503_2017,GN20170630,SK,HLA,B1503,R1,02.mzML
Alleles_ABCG_IAA,B1503_2017,GN20171021,SK,HLA,B1503,R1,01.mzML
Alleles_ABCG_IAA,B1503_2017,GN20171021,SK,HLA,B1503,R1,02.mzML
Alleles_ABCG_IAA,B1503_2017,GN20171021,SK,HLA,B1503,R2,01.mzML
Alleles_ABCG_IAA,B1503_2017,GN20171021,SK,HLA,B1503,R2,02.mzML
Alleles_ABCG_IAA,B1510_20180830,YY,20180830,SK,HLA,B1510,200Mio,01.mzML
Alleles_ABCG_IAA,B1510_20180830,YY,20180830,SK,HLA,B1510,200Mio,02.mzML
Alleles_ABCG_IAA,B1510_20180830,YY,20180830,SK,HLA,B1510,200Mio,03.mzML
Alleles_ABCG_IAA,B1801_20170720,GN20170718,SK,HLA,B1801,R1,01.mzML
Alleles_ABCG_IAA,B1801_20170720,GN20170718,SK,HLA,B1801,R1,02.mzML
Alleles_ABCG_IAA,B1801_20170720,GN20170718,SK,HLA,B1801,R2,01.mzML
Alleles_ABCG_IAA,B1801_20170720,GN20170718,SK,HLA,B1801,R2,02.mzML
Alleles_ABCG_IAA,B3503_20180504,YE,20180504,SK,HLA,B3503,3Ips,a50mio,R1,01.mzML
Alleles_ABCG_IAA,B3503_20180504,YE,20180504,SK,HLA,B3503,3Ips,a50mio,R1,02.mzML
Alleles_ABCG_IAA,B3503_20180504,YE,20180504,SK,HLA,B3503,3Ips,a50mio,R2,01.mzML
Alleles_ABCG_IAA,B3503_20180504,YE,20180504,SK,HLA,B3503,3Ips,a50mio,R2,02.mzML
Alleles_ABCG_IAA,B3507_20171016,GN20171016,SK,HLA,B3507,R1,01.mzML
Alleles_ABCG_IAA,B3507_20171016,GN20171016,SK,HLA,B3507,R1,02.mzML
Alleles_ABCG_IAA,B3507_20171016,GN20171016,SK,HLA,B3507,R2,01.mzML
Alleles_ABCG_IAA,B3507_20171016,GN20171016,SK,HLA,B3507,R2,02.mzML
Alleles_ABCG_IAA,B3701_20171019,GN20171019,SK,HLA,B3701,R1,01.mzML
Alleles_ABCG_IAA,B3701_20171019,GN20171019,SK,HLA,B3701,R1,02.mzML
Alleles_ABCG_IAA,B3701_20171019,GN20171019,SK,HLA,B3701,R2,01.mzML
Alleles_ABCG_IAA,B3701_20171019,GN20171019,SK,HLA,B3701,R2,02.mzML
Alleles_ABCG_IAA,B3801_20171021,GN20171021,SK,HLA,B3801,R1,01.mzML
Alleles_ABCG_IAA,B3801_20171021,GN20171021,SK,HLA,B3801,R1,02.mzML
Alleles_ABCG_IAA,B3801_20171021,GN20171021,SK,HLA,B3801,R2,01.mzML
Alleles_ABCG_IAA,B3801_20171021,GN20171021,SK,HLA,B3801,R2,02.mzML
Alleles_ABCG_IAA,B3802_20180519,YE,20180519,SK,HLA,B3802,3IPs,a50mio,R1,01.mzML
Alleles_ABCG_IAA,B3802_20180519,YE,20180519,SK,HLA,B3802,3IPs,a50mio,R2,01.mzML
Alleles_ABCG_IAA,B3802_20180519,YE,20180519,SK,HLA,B3802,3Ips,a50mio,R1,02.mzML
Alleles_ABCG_IAA,B3802_20180519,YE,20180519,SK,HLA,B3802,3Ips,a50mio,R2,02.mzML
Alleles_ABCG_IAA,B4001_20180507,YE,20180507,SK,HLA,B4001,3Ips,a50mio,R1,01.mzML
Alleles_ABCG_IAA,B4001_20180507,YE,20180507,SK,HLA,B4001,3Ips,a50mio,R1,02.mzML
Alleles_ABCG_IAA,B4001_20180507,YE,20180507,SK,HLA,B4001,3Ips,a50mio,R2,01.mzML
Alleles_ABCG_IAA,B4001_20180507,YE,20180507,SK,HLA,B4001,3Ips,a50mio,R2,02.mzML
Alleles_ABCG_IAA,B4002_2017,GN20170630,SK,HLA,B4002,R1,01.mzML
Alleles_ABCG_IAA,B4002_2017,GN20170630,SK,HLA,B4002,R1,02.mzML
Alleles_ABCG_IAA,B4002_2017,GN20170630,SK,HLA,B4002,R2,01.mzML
Alleles_ABCG_IAA,B4002_2017,GN20170630,SK,HLA,B4002,R2,02.mzML
Alleles_ABCG_IAA,B4002_2017,GN20171021,SK,HLA,B4002,R1,01.mzML
Alleles_ABCG_IAA,B4002_2017,GN20171021,SK,HLA,B4002,R1,02.mzML
Alleles_ABCG_IAA,B4002_2017,GN20171021,SK,HLA,B4002,R2,01.mzML
Alleles_ABCG_IAA,B4002_2017,GN20171021,SK,HLA,B4002,R2,02.mzML
Alleles_ABCG_IAA,B4006_20171016,GN20171016,SK,HLA,B4006,R1,01.mzML
Alleles_ABCG_IAA,B4006_20171016,GN20171016,SK,HLA,B4006,R1,02.mzML
Alleles_ABCG_IAA,B4006_20171016,GN20171016,SK,HLA,B4006,R2,01.mzML
Alleles_ABCG_IAA,B4006_20171016,GN20171016,SK,HLA,B4006,R2,02.mzML
Alleles_ABCG_IAA,B4201_2017,GN20170503,SK,HLA,B4201,01.mzML
Alleles_ABCG_IAA,B4201_2017,GN20170503,SK,HLA,B4201,02.mzML
Alleles_ABCG_IAA,B4201_2017,YE,20180519,SK,HLA,B4201,3IPs,a50mio,R1,01.mzML
Alleles_ABCG_IAA,B4201_2017,YE,20180519,SK,HLA,B4201,3Ips,a50mio,R1,02.mzML
Alleles_ABCG_IAA,B4501_20180724,YE,20180724,SK,HLA,B4501,R1,01.mzML
Alleles_ABCG_IAA,B4501_20180724,YE,20180724,SK,HLA,B4501,R1,02.mzML
Alleles_ABCG_IAA,B4501_20180724,YE,20180724,SK,HLA,B4501,R2,01.mzML
Alleles_ABCG_IAA,B4501_20180724,YE,20180724,SK,HLA,B4501,R2,02.mzML
Alleles_ABCG_IAA,B4601_20170704,GN20170703,SK,HLA,B4601,R1,01.mzML
Alleles_ABCG_IAA,B4601_20170704,GN20170703,SK,HLA,B4601,R1,02.mzML
Alleles_ABCG_IAA,B4601_20170704,GN20170703,SK,HLA,B4601,R2,01.mzML
Alleles_ABCG_IAA,B4601_20170704,GN20170703,SK,HLA,B4601,R2,02.mzML
Alleles_ABCG_IAA,B4901_20171021,GN20171021,SK,HLA,B4901,R1,01.mzML
Alleles_ABCG_IAA,B4901_20171021,GN20171021,SK,HLA,B4901,R1,02.mzML
Alleles_ABCG_IAA,B4901_20171021,GN20171021,SK,HLA,B4901,R2,01.mzML
Alleles_ABCG_IAA,B4901_20171021,GN20171021,SK,HLA,B4901,R2,02.mzML
Alleles_ABCG_IAA,B5001_20170303_15ppm,GG20170303,CRH,HLA,B5001,rep1,01.mzML
Alleles_ABCG_IAA,B5001_20170303_15ppm,GG20170303,CRH,HLA,B5001,rep1,02.mzML
Alleles_ABCG_IAA,B5001_20170303_15ppm,GG20170303,CRH,HLA,B5001,rep2,01.mzML
Alleles_ABCG_IAA,B5001_20170303_15ppm,GG20170303,CRH,HLA,B5001,rep2,02.mzML
Alleles_ABCG_IAA,B5201_20171013,GN20171013,SK,HLA,B5201,R1,01.mzML
Alleles_ABCG_IAA,B5201_20171013,GN20171013,SK,HLA,B5201,R1,02.mzML
Alleles_ABCG_IAA,B5201_20171013,GN20171013,SK,HLA,B5201,R2,01.mzML
Alleles_ABCG_IAA,B5201_20171013,GN20171013,SK,HLA,B5201,R2,02.mzML
Alleles_ABCG_IAA,B5301_20170721,GN20170721,SK,HLA,B5301,R1,01.mzML
Alleles_ABCG_IAA,B5301_20170721,GN20170721,SK,HLA,B5301,R1,02.mzML
Alleles_ABCG_IAA,B5301_20170721,GN20170721,SK,HLA,B5301,R2,01.mzML
Alleles_ABCG_IAA,B5301_20170721,GN20170721,SK,HLA,B5301,R2,02.mzML
Alleles_ABCG_IAA,B5501_20170720,GN20170720,SK,HLA,B5501,R1,01.mzML
Alleles_ABCG_IAA,B5501_20170720,GN20170720,SK,HLA,B5501,R1,02.mzML
Alleles_ABCG_IAA,B5501_20170720,GN20170720,SK,HLA,B5501,R2,01.mzML
Alleles_ABCG_IAA,B5501_20170720,GN20170720,SK,HLA,B5501,R2,02.mzML
Alleles_ABCG_IAA,B5502_20171017,GN20171017,SK,HLA,B5502,R1,01.mzML
Alleles_ABCG_IAA,B5502_20171017,GN20171017,SK,HLA,B5502,R1,02.mzML
Alleles_ABCG_IAA,B5502_20171017,GN20171017,SK,HLA,B5502,R2,01.mzML
Alleles_ABCG_IAA,B5502_20171017,GN20171017,SK,HLA,B5502,R2,02.mzML
Alleles_ABCG_IAA,B5601_2017,GN20170628,SK,HLA,B5601,R1,01.mzML
Alleles_ABCG_IAA,B5601_2017,GN20170628,SK,HLA,B5601,R1,02.mzML
Alleles_ABCG_IAA,B5601_2017,GN20170628,SK,HLA,B5601,R2,01.mzML
Alleles_ABCG_IAA,B5601_2017,GN20170628,SK,HLA,B5601,R2,02.mzML
Alleles_ABCG_IAA,B5601_2017,GN20171019,SK,HLA,B5601,R1,01.mzML
Alleles_ABCG_IAA,B5601_2017,GN20171019,SK,HLA,B5601,R1,02.mzML
Alleles_ABCG_IAA,B5601_2017,GN20171019,SK,HLA,B5601,R2,01.mzML
Alleles_ABCG_IAA,B5601_2017,GN20171019,SK,HLA,B5601,R2,02.mzML
Alleles_ABCG_IAA,B5703_20180828,YY,20180828,SK,HLA,B5703,150mio,R1,01.mzML
Alleles_ABCG_IAA,B5703_20180828,YY,20180828,SK,HLA,B5703,150mio,R1,02.mzML
Alleles_ABCG_IAA,B5703_20180828,YY,20180828,SK,HLA,B5703,150mio,R2,01.mzML
Alleles_ABCG_IAA,B5703_20180828,YY,20180828,SK,HLA,B5703,150mio,R2,02.mzML
Alleles_ABCG_IAA,B5801_20180519,YE,20180519,SK,HLA,B5801,3IPs,a50mio,R1,01.mzML
Alleles_ABCG_IAA,B5801_20180519,YE,20180519,SK,HLA,B5801,3IPs,a50mio,R2,01.mzML
Alleles_ABCG_IAA,B5801_20180519,YE,20180519,SK,HLA,B5801,3Ips,a50mio,R1,02.mzML
Alleles_ABCG_IAA,B5801_20180519,YE,20180519,SK,HLA,B5801,3Ips,a50mio,R2,02.mzML
Alleles_ABCG_IAA,B5802_20180531,YE,20180531,SK,HLA,B5802,3IPs,a50mio,R1,01.mzML
Alleles_ABCG_IAA,B5802_20180531,YE,20180531,SK,HLA,B5802,3IPs,a50mio,R1,02.mzML
Alleles_ABCG_IAA,B5802_20180531,YE,20180531,SK,HLA,B5802,3IPs,a50mio,R2,01.mzML
Alleles_ABCG_IAA,B5802_20180531,YE,20180531,SK,HLA,B5802,3IPs,a50mio,R2,02.mzML
Alleles_ABCG_IAA,C0102_20170601,GN20170531,SK,HLA,C0102,R1,01.mzML
Alleles_ABCG_IAA,C0102_20170601,GN20170531,SK,HLA,C0102,R1,02.mzML
Alleles_ABCG_IAA,C0102_20170601,GN20170531,SK,HLA,C0102,R2,01.mzML
Alleles_ABCG_IAA,C0102_20170601,GN20170531,SK,HLA,C0102,R2,02.mzML
Alleles_ABCG_IAA,C0202_20170602,GN20170602,SK,HLA,C0202,R1,01.mzML
Alleles_ABCG_IAA,C0202_20170602,GN20170602,SK,HLA,C0202,R1,02.mzML
Alleles_ABCG_IAA,C0202_20170602,GN20170602,SK,HLA,C0202,R2,01.mzML
Alleles_ABCG_IAA,C0202_20170602,GN20170602,SK,HLA,C0202,R2,02.mzML
Alleles_ABCG_IAA,C0303_20170301,GG20170301,CRH,HLA,C0303,150mlnIP,rep1,01.mzML
Alleles_ABCG_IAA,C0303_20170301,GG20170301,CRH,HLA,C0303,150mlnIP,rep1,02.mzML
Alleles_ABCG_IAA,C0303_20170301,GG20170301,CRH,HLA,C0303,150mlnIP,rep2,01.mzML
Alleles_ABCG_IAA,C0303_20170301,GG20170301,CRH,HLA,C0303,150mlnIP,rep2,02.mzML
Alleles_ABCG_IAA,C0401_20170112,GG20170112,CRH,HLA,C0401,biorep1,techrep1.mzML
Alleles_ABCG_IAA,C0401_20170112,GG20170112,CRH,HLA,C0401,biorep1,techrep2.mzML
Alleles_ABCG_IAA,C0401_20170112,GG20170112,CRH,HLA,C0401,biorep2,techrep1.mzML
Alleles_ABCG_IAA,C0401_20170112,GG20170112,CRH,HLA,C0401,biorep2,techrep2.mzML
Alleles_ABCG_IAA,C0403_20170301,GG20170301,CRH,HLA,C0403,150mlnIP,rep1,01.mzML
Alleles_ABCG_IAA,C0403_20170301,GG20170301,CRH,HLA,C0403,150mlnIP,rep1,02.mzML
Alleles_ABCG_IAA,C0403_20170301,GG20170301,CRH,HLA,C0403,150mlnIP,rep2,01.mzML
Alleles_ABCG_IAA,C0403_20170301,GG20170301,CRH,HLA,C0403,150mlnIP,rep2,02.mzML
Alleles_ABCG_IAA,C0501_20170602,GN20170602,SK,HLA,C0501,R1,01.mzML
Alleles_ABCG_IAA,C0501_20170602,GN20170602,SK,HLA,C0501,R1,02.mzML
Alleles_ABCG_IAA,C0501_20170602,GN20170602,SK,HLA,C0501,R2,01.mzML
Alleles_ABCG_IAA,C0501_20170602,GN20170602,SK,HLA,C0501,R2,02.mzML
Alleles_ABCG_IAA,C0701_2017,GN20170627,SK,HLA,C0701,R2,01.mzML
Alleles_ABCG_IAA,C0701_2017,GN20170627,SK,HLA,C0701,R2,02.mzML
Alleles_ABCG_IAA,C0701_2017,GN20170628,SK,HLA,C0701,R1,01.mzML
Alleles_ABCG_IAA,C0701_2017,GN20170628,SK,HLA,C0701,R1,02.mzML
Alleles_ABCG_IAA,C0701_2017,YD20180130,SK,HLA,C0701,150Miocells,R1,01.mzML
Alleles_ABCG_IAA,C0701_2017,YD20180130,SK,HLA,C0701,150Miocells,R1,02.mzML
Alleles_ABCG_IAA,C0701_2017,YD20180130,SK,HLA,C0701,150Miocells,R2,01.mzML
Alleles_ABCG_IAA,C0701_2017,YD20180130,SK,HLA,C0701,150Miocells,R2,02.mzML
Alleles_ABCG_IAA,C0702_20170619,GN20170531,SK,HLA,C0702,R1,01.mzML
Alleles_ABCG_IAA,C0702_20170619,GN20170531,SK,HLA,C0702,R1,02.mzML
Alleles_ABCG_IAA,C0702_20170619,H2A,20170618,SK,HLA,C0702,R2,02.mzML
Alleles_ABCG_IAA,C0704_2017,GN20170627,SK,HLA,C0704,R2,01.mzML
Alleles_ABCG_IAA,C0704_2017,GN20170627,SK,HLA,C0704,R2,02.mzML
Alleles_ABCG_IAA,C0704_2017,GN20170628,SK,HLA,C0704,R1,01.mzML
Alleles_ABCG_IAA,C0704_2017,GN20170628,SK,HLA,C0704,R1,02.mzML
Alleles_ABCG_IAA,C0704_2017,YE,20180502,SK,HLA,C0704,3Ips,a50mio,R1,01.mzML
Alleles_ABCG_IAA,C0704_2017,YE,20180502,SK,HLA,C0704,3Ips,a50mio,R1,02.mzML
Alleles_ABCG_IAA,C0704_2017,YE,20180502,SK,HLA,C0704,3Ips,a50mio,R2,01.mzML
Alleles_ABCG_IAA,C0704_2017,YE,20180502,SK,HLA,C0704,3Ips,a50mio,R2,02.mzML
Alleles_ABCG_IAA,C0801_2017,AC20171009,Broad,HLA,C0801,R1,Rep01.mzML
Alleles_ABCG_IAA,C0801_2017,AC20171009,Broad,HLA,C0801,R2,Rep01.mzML
Alleles_ABCG_IAA,C0801_2017,AC20171009,Broad,HLA,C0801,R2,Rep02.mzML
Alleles_ABCG_IAA,C0801_2017,H2A,20170618,SK,HLA,C0801,R1,01.mzML
Alleles_ABCG_IAA,C0801_2017,H2A,20170618,SK,HLA,C0801,R1,02.mzML
Alleles_ABCG_IAA,C0801_2017,H2A,20170618,SK,HLA,C0801,R2,01.mzML
Alleles_ABCG_IAA,C0801_2017,H2A,20170618,SK,HLA,C0801,R2,02.mzML
Alleles_ABCG_IAA,C0802_2017,AC20171009,Broad,HLA,C0802,R1,Rep01.mzML
Alleles_ABCG_IAA,C0802_2017,AC20171009,Broad,HLA,C0802,R1,Rep02.mzML
Alleles_ABCG_IAA,C0802_2017,AC20171009,Broad,HLA,C0802,R2,Rep01.mzML
Alleles_ABCG_IAA,C0802_2017,AC20171009,Broad,HLA,C0802,R2,Rep02.mzML
Alleles_ABCG_IAA,C0802_2017,GG20161104,CRH,HLA,C0802,BioRep1,inject1.mzML
Alleles_ABCG_IAA,C0802_2017,GG20161104,CRH,HLA,C0802,BioRep1,inject2.mzML
Alleles_ABCG_IAA,C0802_2017,GG20161104,CRH,HLA,C0802,BioRep2,inject1.mzML
Alleles_ABCG_IAA,C0802_2017,GG20161104,CRH,HLA,C0802,BioRep2,inject2.mzML
Alleles_ABCG_IAA,C1202_20170627,GN20170626,SK,HLA,C1202,R1,01.mzML
Alleles_ABCG_IAA,C1202_20170627,GN20170626,SK,HLA,C1202,R1,02.mzML
Alleles_ABCG_IAA,C1202_20170627,GN20170626,SK,HLA,C1202,R2,01.mzML
Alleles_ABCG_IAA,C1202_20170627,GN20170626,SK,HLA,C1202,R2,02.mzML
Alleles_ABCG_IAA,C1203_20170112,GG20170112,CRH,HLA,C1203,biorep1,techrep2.mzML
Alleles_ABCG_IAA,C1203_20170112,GG20170112,CRH,HLA,C1203,biorep2,techrep1.mzML
Alleles_ABCG_IAA,C1203_20170112,GG20170112,CRH,HLA,C1203,biorep2,techrep2.mzML
Alleles_ABCG_IAA,C1403_20170112,GG20170112,CRH,HLA,C1403,biorep1,techrep1.mzML
Alleles_ABCG_IAA,C1403_20170112,GG20170112,CRH,HLA,C1403,biorep1,techrep2.mzML
Alleles_ABCG_IAA,C1403_20170112,GG20170112,CRH,HLA,C1403,biorep2,techrep1.mzML
Alleles_ABCG_IAA,C1403_20170112,GG20170112,CRH,HLA,C1403,biorep2,techrep2.mzML
Alleles_ABCG_IAA,C1701_2017,GG20170301,CRH,HLA,C1701,150mlnIP,rep1,01.mzML
Alleles_ABCG_IAA,C1701_2017,GG20170301,CRH,HLA,C1701,150mlnIP,rep1,02.mzML
Alleles_ABCG_IAA,C1701_2017,GG20170301,CRH,HLA,C1701,150mlnIP,rep2,01.mzML
Alleles_ABCG_IAA,C1701_2017,GG20170301,CRH,HLA,C1701,150mlnIP,rep2,02.mzML
Alleles_ABCG_IAA,C1701_2017,GN20170626,SK,HLA,C1701,R1,01.mzML
Alleles_ABCG_IAA,C1701_2017,GN20170626,SK,HLA,C1701,R2,01.mzML
Alleles_ABCG_IAA,C1701_2017,GN20170626,SK,HLA,C1701,R2,02.mzML
Alleles_ABCG_IAA,G0101_20170722,GN20170722,SK,HLA,G0101,R1,01.mzML
Alleles_ABCG_IAA,G0101_20170722,GN20170722,SK,HLA,G0101,R1,02.mzML
Alleles_ABCG_IAA,G0101_20170722,GN20170722,SK,HLA,G0101,R2,01.mzML
Alleles_ABCG_IAA,G0101_20170722,GN20170722,SK,HLA,G0101,R2,02.mzML
Alleles_ABCG_IAA,G0103_20170722,GN20170722,SK,HLA,G0103,R1,01.mzML
Alleles_ABCG_IAA,G0103_20170722,GN20170722,SK,HLA,G0103,R1,02.mzML
Alleles_ABCG_IAA,G0103_20170722,GN20170722,SK,HLA,G0103,R2,01.mzML
Alleles_ABCG_IAA,G0103_20170722,GN20170722,SK,HLA,G0103,R2,02.mzML
Alleles_ABCG_IAA,G0104_20171011,AC20171011,Broad,HLA,G0104,R1,Rep01.mzML
Alleles_ABCG_IAA,G0104_20171011,AC20171011,Broad,HLA,G0104,R1,Rep02.mzML
Alleles_ABCG_IAA,G0104_20171011,AC20171011,Broad,HLA,G0104,R2,Rep01.mzML
Alleles_ABCG_IAA,G0104_20171011,AC20171011,Broad,HLA,G0104,R2,Rep02,xcaliburfail.mzML
Alleles_BC_noIAA,B2705_20160410,MS20160409,CRH,HLA,B,2705,BioRep1,TechRep1.mzML
Alleles_BC_noIAA,B2705_20160410,MS20160409,CRH,HLA,B,2705,BioRep1,TechRep2.mzML
Alleles_BC_noIAA,B2705_20160410,MS20160409,CRH,HLA,B,2705,BioRep2,TechRep1.mzML
Alleles_BC_noIAA,B2705_20160410,MS20160409,CRH,HLA,B,2705,BioRep2,TechRep2.mzML
Alleles_BC_noIAA,C0302_20161104,GG20161104,CRH,HLA,C0302,BioRep1,inject1.mzML
Alleles_BC_noIAA,C0302_20161104,GG20161104,CRH,HLA,C0302,BioRep1,inject2.mzML
Alleles_BC_noIAA,C0302_20161104,GG20161104,CRH,HLA,C0302,BioRep2,inject1.mzML
Alleles_BC_noIAA,C0302_20161104,GG20161104,CRH,HLA,C0302,BioRep2,inject2.mzML
Alleles_BC_noIAA,C0304_20161104,GG20161104,CRH,HLA,C0304,BioRep1,inject1.mzML
Alleles_BC_noIAA,C0304_20161104,GG20161104,CRH,HLA,C0304,BioRep1,inject2.mzML
Alleles_BC_noIAA,C0304_20161104,GG20161104,CRH,HLA,C0304,BioRep2,inject1.mzML
Alleles_BC_noIAA,C0304_20161104,GG20161104,CRH,HLA,C0304,BioRep2,inject2.mzML
Alleles_BC_noIAA,C0602_20161008,GG20161007,CRH,HLAC,0602,,50mlnceq.mzML
Alleles_BC_noIAA,C0602_20161008,GG20161007,CRH,HLAC,0602,biorep1,techrep1.mzML
Alleles_BC_noIAA,C0602_20161008,GG20161007,CRH,HLAC,0602,biorep1,techrep2.mzML
Alleles_BC_noIAA,C0602_20161008,GG20161007,CRH,HLAC,0602,biorep2,techrep1.mzML
Alleles_BC_noIAA,C0602_20161008,GG20161007,CRH,HLAC,0602,biorep2,techrep2.mzML
Alleles_BC_noIAA,C1402_20161104,GG20161104,CRH,HLA,C1402,BioRep1,inject1.mzML
Alleles_BC_noIAA,C1402_20161104,GG20161104,CRH,HLA,C1402,BioRep1,inject2.mzML
Alleles_BC_noIAA,C1402_20161104,GG20161104,CRH,HLA,C1402,BioRep2,inject1.mzML
Alleles_BC_noIAA,C1402_20161104,GG20161104,CRH,HLA,C1402,BioRep2,inject2.mzML
Alleles_BC_noIAA,C1502_20161010,GG20161008,CRH,HLAC,1502,biorep1,techrep1.mzML
Alleles_BC_noIAA,C1502_20161010,GG20161008,CRH,HLAC,1502,biorep1,techrep2.mzML
Alleles_BC_noIAA,C1502_20161010,GG20161008,CRH,HLAC,1502,biorep2,techrep1.mzML
Alleles_BC_noIAA,C1502_20161010,GG20161008,CRH,HLAC,1502,biorep2,techrep2.mzML
Alleles_BC_noIAA,C1601_20161010,GG20161008,CRH,HLAC,1601,biorep1,techrep1.mzML
Alleles_BC_noIAA,C1601_20161010,GG20161008,CRH,HLAC,1601,biorep1,techrep2.mzML
Alleles_BC_noIAA,C1601_20161010,GG20161008,CRH,HLAC,1601,biorep2,techrep1.mzML
Alleles_BC_noIAA,C1601_20161010,GG20161008,CRH,HLAC,1601,biorep2,techrep2.mzML
B721221_fullproteomelabelfree,YY,20180813,SK,HLA,B721221,FP,LF,Frx,1.mzML
B721221_fullproteomelabelfree,YY,20180813,SK,HLA,B721221,FP,LF,Frx,10.mzML
B721221_fullproteomelabelfree,YY,20180813,SK,HLA,B721221,FP,LF,Frx,11.mzML
B721221_fullproteomelabelfree,YY,20180813,SK,HLA,B721221,FP,LF,Frx,12.mzML
B721221_fullproteomelabelfree,YY,20180813,SK,HLA,B721221,FP,LF,Frx,13.mzML
B721221_fullproteomelabelfree,YY,20180813,SK,HLA,B721221,FP,LF,Frx,14.mzML
B721221_fullproteomelabelfree,YY,20180813,SK,HLA,B721221,FP,LF,Frx,15.mzML
B721221_fullproteomelabelfree,YY,20180813,SK,HLA,B721221,FP,LF,Frx,16.mzML
B721221_fullproteomelabelfree,YY,20180813,SK,HLA,B721221,FP,LF,Frx,17.mzML
B721221_fullproteomelabelfree,YY,20180813,SK,HLA,B721221,FP,LF,Frx,18.mzML
B721221_fullproteomelabelfree,YY,20180813,SK,HLA,B721221,FP,LF,Frx,19.mzML
B721221_fullproteomelabelfree,YY,20180813,SK,HLA,B721221,FP,LF,Frx,2.mzML
B721221_fullproteomelabelfree,YY,20180813,SK,HLA,B721221,FP,LF,Frx,20.mzML
B721221_fullproteomelabelfree,YY,20180813,SK,HLA,B721221,FP,LF,Frx,21.mzML
B721221_fullproteomelabelfree,YY,20180813,SK,HLA,B721221,FP,LF,Frx,22.mzML
B721221_fullproteomelabelfree,YY,20180813,SK,HLA,B721221,FP,LF,Frx,23.mzML
B721221_fullproteomelabelfree,YY,20180813,SK,HLA,B721221,FP,LF,Frx,24.mzML
B721221_fullproteomelabelfree,YY,20180813,SK,HLA,B721221,FP,LF,Frx,3.mzML
B721221_fullproteomelabelfree,YY,20180813,SK,HLA,B721221,FP,LF,Frx,4.mzML
B721221_fullproteomelabelfree,YY,20180813,SK,HLA,B721221,FP,LF,Frx,5.mzML
B721221_fullproteomelabelfree,YY,20180813,SK,HLA,B721221,FP,LF,Frx,6.mzML
B721221_fullproteomelabelfree,YY,20180813,SK,HLA,B721221,FP,LF,Frx,7.mzML
B721221_fullproteomelabelfree,YY,20180813,SK,HLA,B721221,FP,LF,Frx,8.mzML
B721221_fullproteomelabelfree,YY,20180813,SK,HLA,B721221,FP,LF,Frx,9.mzML
B721221_fullproteomelabelfree,YY,20180813,SK,HLA,B721221,FP,LF,Frx,A.mzML
Blanks_IP,BlankBeads_20170223,GG20170223,CRH,HLA,BlankBeads,01.mzML
Blanks_IP,BlankBeads_20170223,GG20170223,CRH,HLA,BlankBeads,02.mzML
Blanks_IP,BlankIP_B721221_20170307,GG20170307,CRH,HLA,721221,BlankIP,01.mzML
Blanks_IP,BlankIP_B721221_20170307,GG20170307,CRH,HLA,721221,BlankIP,02.mzML
Blanks_IP,BlankIP_B721221_20180412,YJ,20180412,SK,HLA,B721221,2Ips,50mio,R1.mzML
