Donors,TMT Batch Number,TMT Channel,Age Group,Age,Gender,Race
Donor1,TMT1,126,80+,81,Male,Caucasian
Donor2,TMT1,127,35-49,38,Female,Caucasian
Donor3,TMT1,128,65-79,72,Male,Caucasian
Donor4,TMT1,129,50-64,51,Male,Caucasian
Donor5,TMT1,130,20-34,23,Male,Caucasian
Donor6,TMT10,126,20-34,27,Female,Caucasian
Donor7,TMT10,127,80+,81,Male,Caucasian
Donor8,TMT10,128,65-79,67,Female,Caucasian
Donor9,TMT10,129,50-64,62,Female,Caucasian
Donor10,TMT10,130,35-49,47,Male,African American
Donor11,TMT11,127,65-79,70,Male,Asian
Donor12,TMT11,128,20-34,25,Female,Caucasian
Donor13,TMT11,129,65-79,72,Male,Caucasian
Donor14,TMT11,130,20-34,26,Female,Caucasian
Donor15,TMT12,127,35-49,35,Male,Caucasian
Donor16,TMT12,128,50-64,63,Female,Caucasian
Donor17,TMT12,129,20-34,33,Male,Caucasian
Donor18,TMT12,130,65-79,72,Male,Caucasian
Donor19,TMT2,126,50-64,57,Male,Caucasian
Donor20,TMT2,127,80+,80,Female,Caucasian
Donor21,TMT2,128,20-34,31,Male,African American
Donor22,TMT2,129,65-79,73,Female,Caucasian
Donor23,TMT2,130,35-49,46,Male,African American
Donor24,TMT3,126,65-79,67,Male,Caucasian
Donor25,TMT3,127,35-49,42,Male,African American
Donor26,TMT3,128,50-64,58,Female,Caucasian
Donor27,TMT3,129,20-34,27,Male,Caucasian
Donor28,TMT3,130,80+,83,Male,Caucasian
Donor29,TMT4,126,20-34,31,Male,African American
Donor30,TMT4,127,50-64,60,Male,Caucasian
Donor31,TMT4,128,35-49,45,Male,African American
Donor32,TMT4,129,80+,81,Female,Caucasian
Donor33,TMT4,130,65-79,67,Male,African American
Donor34,TMT5,126,35-49,37,Female,African American
Donor35,TMT5,127,50-64,61,Male,African American
Donor36,TMT5,128,80+,87,Male,Caucasian
Donor37,TMT5,129,50-64,52,Female,Caucasian
Donor38,TMT5,130,20-34,27,Male,Caucasian
Donor39,TMT6,126,80+,83,Female,Caucasian
Donor40,TMT6,127,50-64,52,Male,African American
Donor41,TMT6,128,65-79,70,Male,Caucasian
Donor42,TMT6,129,20-34,25,Male,Asian
Donor43,TMT6,130,35-49,42,Female,Caucasian
Donor44,TMT7,126,20-34,26,Female,Caucasian
Donor45,TMT7,127,80+,86,Male,Caucasian
Donor46,TMT7,128,65-79,73,Male,Caucasian
Donor47,TMT7,129,50-64,54,Male,African American
Donor48,TMT7,130,35-49,37,Male,African American
Donor49,TMT8,126,65-79,69,Female,Caucasian
Donor50,TMT8,127,35-49,47,Female,Caucasian
Donor51,TMT8,128,50-64,52,Female,African American
Donor52,TMT8,129,20-34,31,Female,Asian
Donor53,TMT8,130,80+,81,Male,Caucasian
Donor54,TMT9,126,20-34,22,Male,Caucasian
Donor55,TMT9,127,35-49,38,Male,Caucasian
Donor56,TMT9,128,65-79,72,Female,Caucasian
Donor57,TMT9,129,80+,81,Female,African American
Donor58,TMT9,130,50-64,63,Male,Caucasian